Category,RouteB_Rank,Player_ID,Player,Current_Scoring,RouteB_Scoring,Current_Efficiency,RouteB_Efficiency,Current_Creation,RouteB_Creation,Current_Rebounding,RouteB_Rebounding,Current_Defense,RouteB_Defense,Current_Impact,RouteB_Impact,Current_Overall_SDI,RouteB_Overall_SDI
Scoring,1,joel-embiid,Joel Embiid,99.84928330522766,100.0,,,,,,,,,,,,
Scoring,2,luka-don-i,Luka Dončić,99.693718381113,99.91568296795953,,,,,,,,,,,,
Scoring,3,michael-jordan,Michael Jordan,99.52171163575042,99.83136593591905,,,,,,,,,,,,
Scoring,4,kobe-bryant,Kobe Bryant,99.1254215851602,99.74704890387858,,,,,,,,,,,,
Scoring,5,lebron-james,LeBron James,98.83579258010118,99.6627318718381,,,,,,,,,,,,
Scoring,6,allen-iverson,Allen Iverson,98.79510961214166,99.57841483979765,,,,,,,,,,,,
Scoring,7,trae-young,Trae Young,98.56070826306916,99.49409780775717,,,,,,,,,,,,
Scoring,8,dominique-wilkins,Dominique Wilkins,98.50990725126476,99.4097807757167,,,,,,,,,,,,
Scoring,9,shai-gilgeous-alexander,Shai Gilgeous-Alexander,98.50632377740304,99.32546374367622,,,,,,,,,,,,
Scoring,10,kevin-durant,Kevin Durant,98.43444350758854,99.24114671163575,,,,,,,,,,,,
Scoring,11,dwyane-wade,Dwyane Wade,98.43001686340642,99.15682967959528,,,,,,,,,,,,
Scoring,12,john-drew,John Drew,98.20025295109612,99.0725126475548,,,,,,,,,,,,
Scoring,13,karl-malone,Karl Malone,98.17348229342328,98.98819561551433,,,,,,,,,,,,
Scoring,14,george-gervin,George Gervin,98.16209949409782,98.90387858347385,,,,,,,,,,,,
Scoring,15,demarcus-cousins,DeMarcus Cousins,98.1412310286678,98.8195615514334,,,,,,,,,,,,
Scoring,16,shaquille-o-neal,Shaquille O'Neal,97.78182967959528,98.73524451939292,,,,,,,,,,,,
Scoring,17,giannis-antetokounmpo,Giannis Antetokounmpo,97.72449409780776,98.65092748735245,,,,,,,,,,,,
Scoring,18,anthony-davis,Anthony Davis,97.61846543001688,98.56661045531197,,,,,,,,,,,,
Scoring,19,devin-booker,Devin Booker,97.34464586846543,98.4822934232715,,,,,,,,,,,,
Scoring,20,carmelo-anthony,Carmelo Anthony,97.29258010118043,98.39797639123103,,,,,,,,,,,,
Scoring,21,world-b-free,World B. Free,97.27192242833053,98.31365935919055,,,,,,,,,,,,
Scoring,22,damian-lillard,Damian Lillard,97.02318718381112,98.22934232715008,,,,,,,,,,,,
Scoring,23,mark-aguirre,Mark Aguirre,97.0170741989882,98.14502529510962,,,,,,,,,,,,
Scoring,24,tracy-mcgrady,Tracy McGrady,96.964586846543,98.06070826306915,,,,,,,,,,,,
Scoring,25,russell-westbrook,Russell Westbrook,96.74367622259696,97.97639123102867,,,,,,,,,,,,
Efficiency,1,kevin-durant,Kevin Durant,,,96.38642682076603,100.0,,,,,,,,,,
Efficiency,2,karl-anthony-towns,Karl-Anthony Towns,,,96.2369008582221,99.91568296795953,,,,,,,,,,
Efficiency,3,stephen-curry,Stephen Curry,,,96.09494135115708,99.83136593591905,,,,,,,,,,
Efficiency,4,steve-nash,Steve Nash,,,95.40273800588729,99.74704890387858,,,,,,,,,,
Efficiency,5,brent-barry,Brent Barry,,,95.26537312859548,99.6627318718381,,,,,,,,,,
Efficiency,6,john-stockton,John Stockton,,,94.9793673669334,99.57841483979765,,,,,,,,,,
Efficiency,7,reggie-miller,Reggie Miller,,,94.94456500047583,99.49409780775717,,,,,,,,,,
Efficiency,8,jakob-poeltl,Jakob Poeltl,,,94.5924515046258,99.4097807757167,,,,,,,,,,
Efficiency,9,joe-harris,Joe Harris,,,94.58410215801986,99.32546374367622,,,,,,,,,,
Efficiency,10,nikola-joki,Nikola Jokić,,,94.47817054478236,99.24114671163575,,,,,,,,,,
Efficiency,11,chris-mullin,Chris Mullin,,,93.82871879185376,99.15682967959528,,,,,,,,,,
Efficiency,12,james-donaldson,James Donaldson,,,93.76244891763494,99.0725126475548,,,,,,,,,,
Efficiency,13,duncan-robinson,Duncan Robinson,,,93.58240216606012,98.98819561551433,,,,,,,,,,
Efficiency,14,john-collins,John Collins,,,93.38601463148645,98.90387858347385,,,,,,,,,,
Efficiency,15,kawhi-leonard,Kawhi Leonard,,,93.38570425829364,98.8195615514334,,,,,,,,,,
Efficiency,16,mario-elie,Mario Elie,,,92.3623610753076,98.73524451939292,,,,,,,,,,
Efficiency,17,kiki-vandeweghe,Kiki Vandeweghe,,,92.047798217142,98.65092748735245,,,,,,,,,,
Efficiency,18,jeff-hornacek,Jeff Hornacek,,,91.514563226299,98.56661045531197,,,,,,,,,,
Efficiency,19,eddy-curry,Eddy Curry,,,91.04319371277344,98.4822934232715,,,,,,,,,,
Efficiency,20,steve-kerr,Steve Kerr,,,90.72256406222324,98.39797639123103,,,,,,,,,,
Efficiency,21,luke-kennard,Luke Kennard,,,90.51937406908092,98.31365935919055,,,,,,,,,,
Efficiency,22,seth-curry,Seth Curry,,,90.45403673350872,98.22934232715008,,,,,,,,,,
Efficiency,23,matt-bonner,Matt Bonner,,,90.17652893552848,98.14502529510962,,,,,,,,,,
Efficiency,24,mark-price,Mark Price,,,90.16490334304478,98.06070826306915,,,,,,,,,,
Efficiency,25,grayson-allen,Grayson Allen,,,89.97554952334957,97.97639123102867,,,,,,,,,,
Creation,1,oscar-robertson,Oscar Robertson,,,,,95.58373538665592,100.0,,,,,,,,
Creation,2,bob-cousy,Bob Cousy,,,,,93.81012909366216,99.91568296795953,,,,,,,,
Creation,3,terrell-brandon,Terrell Brandon,,,,,91.35331435939698,99.83136593591905,,,,,,,,
Creation,4,chris-paul,Chris Paul,,,,,90.41628379881784,99.74704890387858,,,,,,,,
Creation,5,jerry-west,Jerry West,,,,,89.86603794570233,99.6627318718381,,,,,,,,
Creation,6,damian-lillard,Damian Lillard,,,,,89.81162443445345,99.57841483979765,,,,,,,,
Creation,7,gary-payton,Gary Payton,,,,,89.66514918160645,99.49409780775717,,,,,,,,
Creation,8,jalen-brunson,Jalen Brunson,,,,,89.4887374379518,99.4097807757167,,,,,,,,
Creation,9,tim-hardaway,Tim Hardaway,,,,,88.96522795701145,99.32546374367622,,,,,,,,
Creation,10,kyrie-irving,Kyrie Irving,,,,,88.19869992718499,99.24114671163575,,,,,,,,
Creation,11,fred-vanvleet,Fred VanVleet,,,,,88.05156529096709,99.15682967959528,,,,,,,,
Creation,12,lebron-james,LeBron James,,,,,87.86066081184035,99.0725126475548,,,,,,,,
Creation,13,nikola-joki,Nikola Jokić,,,,,87.85029366485966,98.98819561551433,,,,,,,,
Creation,14,shai-gilgeous-alexander,Shai Gilgeous-Alexander,,,,,87.80791259927526,98.90387858347385,,,,,,,,
Creation,15,fat-lever,Fat Lever,,,,,87.77552393152808,98.8195615514334,,,,,,,,
Creation,16,luka-don-i,Luka Dončić,,,,,87.68421759371225,98.73524451939292,,,,,,,,
Creation,17,stephon-marbury,Stephon Marbury,,,,,87.59963579399752,98.65092748735245,,,,,,,,
Creation,18,deron-williams,Deron Williams,,,,,87.25898675833815,98.56661045531197,,,,,,,,
Creation,19,michael-adams,Michael Adams,,,,,87.24358916852606,98.4822934232715,,,,,,,,
Creation,20,steve-nash,Steve Nash,,,,,87.19979432829581,98.39797639123103,,,,,,,,
Creation,21,baron-davis,Baron Davis,,,,,87.15466840969852,98.31365935919055,,,,,,,,
Creation,22,jimmy-butler,Jimmy Butler,,,,,87.05690147131114,98.22934232715008,,,,,,,,
Creation,23,magic-johnson,Magic Johnson,,,,,87.02533884508196,98.14502529510962,,,,,,,,
Creation,24,john-stockton,John Stockton,,,,,87.0136386842144,98.06070826306915,,,,,,,,
Creation,25,nick-van-exel,Nick Van Exel,,,,,87.00469844272243,97.97639123102867,,,,,,,,
Rebounding,1,andre-drummond,Andre Drummond,,,,,,,99.95782292782572,100.0,,,,,,
Rebounding,2,dennis-rodman,Dennis Rodman,,,,,,,99.83926725587504,99.91568296795953,,,,,,
Rebounding,3,bill-russell,Bill Russell,,,,,,,99.74704890387858,99.83136593591905,,,,,,
Rebounding,4,hassan-whiteside,Hassan Whiteside,,,,,,,99.53156256152548,99.74704890387858,,,,,,
Rebounding,5,wilt-chamberlain,Wilt Chamberlain,,,,,,,99.3682610250907,99.6627318718381,,,,,,
Rebounding,6,reggie-evans,Reggie Evans,,,,,,,99.13925817557376,99.57841483979765,,,,,,
Rebounding,7,clint-capela,Clint Capela,,,,,,,99.0320549201449,99.49409780775717,,,,,,
Rebounding,8,deandre-jordan,DeAndre Jordan,,,,,,,98.76896049066303,99.4097807757167,,,,,,
Rebounding,9,harry-gallatin,Harry Gallatin,,,,,,,98.73524451939292,99.32546374367622,,,,,,
Rebounding,10,chuck-share,Chuck Share,,,,,,,98.56661045531196,99.24114671163575,,,,,,
Rebounding,11,rudy-gobert,Rudy Gobert,,,,,,,98.32425743741632,99.15682967959528,,,,,,
Rebounding,12,enes-freedom,Enes Freedom,,,,,,,98.30058151395056,99.0725126475548,,,,,,
Rebounding,13,bob-pettit,Bob Pettit,,,,,,,98.22934232715006,98.98819561551433,,,,,,
Rebounding,14,dwight-howard,Dwight Howard,,,,,,,97.7215340264388,98.90387858347385,,,,,,
Rebounding,15,jonas-valan-i-nas,Jonas Valančiūnas,,,,,,,97.683873538101,98.8195615514334,,,,,,
Rebounding,16,walter-dukes,Walter Dukes,,,,,,,97.55480607082632,98.73524451939292,,,,,,
Rebounding,17,ben-wallace,Ben Wallace,,,,,,,97.50284293075096,98.65092748735245,,,,,,
Rebounding,18,ivica-zubac,Ivica Zubac,,,,,,,97.40263669901508,98.56661045531197,,,,,,
Rebounding,19,ed-davis,Ed Davis,,,,,,,97.38597226944312,98.4822934232715,,,,,,
Rebounding,20,tyson-chandler,Tyson Chandler,,,,,,,97.32604686776804,98.39797639123103,,,,,,
Rebounding,21,dikembe-mutombo,Dikembe Mutombo,,,,,,,96.96679296009114,98.31365935919055,,,,,,
Rebounding,22,swen-nater,Swen Nater,,,,,,,96.79224467550728,98.22934232715008,,,,,,
Rebounding,23,joakim-noah,Joakim Noah,,,,,,,96.71243842779418,98.14502529510962,,,,,,
Rebounding,24,samuel-dalembert,Samuel Dalembert,,,,,,,96.6386203624224,98.06070826306915,,,,,,
Rebounding,25,jeff-foster,Jeff Foster,,,,,,,96.59934834454909,97.97639123102867,,,,,,
Defense,1,hakeem-olajuwon,Hakeem Olajuwon,,,,,,,,,96.69847832713252,100.0,,,,
Defense,2,ben-wallace,Ben Wallace,,,,,,,,,95.69361191642464,99.91525423728814,,,,
Defense,3,david-robinson,David Robinson,,,,,,,,,94.4677627335703,99.83050847457628,,,,
Defense,4,tom-heinsohn,Tom Heinsohn,,,,,,,,,94.45865302642795,99.7457627118644,,,,
Defense,5,nerlens-noel,Nerlens Noel,,,,,,,,,94.0903525998772,99.66101694915254,,,,
Defense,6,bo-outlaw,Bo Outlaw,,,,,,,,,93.11511715780831,99.57627118644068,,,,
Defense,7,andrei-kirilenko,Andrei Kirilenko,,,,,,,,,92.76038643398084,99.49152542372882,,,,
Defense,8,bill-russell,Bill Russell,,,,,,,,,92.58312020460356,99.40677966101696,,,,
Defense,9,frank-ramsey,Frank Ramsey,,,,,,,,,92.32736572890026,99.32203389830508,,,,
Defense,10,k-c-jones,K.C. Jones,,,,,,,,,91.56010230179028,99.23728813559322,,,,
Defense,11,draymond-green,Draymond Green,,,,,,,,,89.50860475535913,99.15254237288136,,,,
Defense,12,julius-erving,Julius Erving,,,,,,,,,89.46546792451846,99.0677966101695,,,,
Defense,13,alex-caruso,Alex Caruso,,,,,,,,,89.26157065477678,98.98305084745763,,,,
Defense,14,robert-horry,Robert Horry,,,,,,,,,89.14167700046309,98.89830508474576,,,,
Defense,15,bobby-jones,Bobby Jones,,,,,,,,,89.05218086645623,98.8135593220339,,,,
Defense,16,jack-mcmahon,Jack McMahon,,,,,,,,,88.91730605285592,98.72881355932203,,,,
Defense,17,kevin-garnett,Kevin Garnett,,,,,,,,,88.6280317733185,98.64406779661017,,,,
Defense,18,vlade-divac,Vlade Divac,,,,,,,,,88.06246831285759,98.55932203389831,,,,
Defense,19,robert-covington,Robert Covington,,,,,,,,,87.99536456841211,98.47457627118644,,,,
Defense,20,kyle-anderson,Kyle Anderson,,,,,,,,,87.80080246217294,98.38983050847457,,,,
Defense,21,jim-king,Jim King,,,,,,,,,87.7237851662404,98.30508474576271,,,,
Defense,22,marcus-camby,Marcus Camby,,,,,,,,,87.57278755088532,98.22033898305085,,,,
Defense,23,anthony-davis,Anthony Davis,,,,,,,,,87.30199472579291,98.13559322033899,,,,
Defense,24,shawn-marion,Shawn Marion,,,,,,,,,87.1470034084022,98.05084745762711,,,,
Defense,25,scottie-pippen,Scottie Pippen,,,,,,,,,87.04771001756862,97.96610169491525,,,,
Impact,1,larry-bird,Larry Bird,,,,,,,,,,,100.0,100.0,,
Impact,2,david-robinson,David Robinson,,,,,,,,,,,99.9147485080989,99.9147485080989,,
Impact,3,michael-jordan,Michael Jordan,,,,,,,,,,,99.82949701619778,99.82949701619778,,
Impact,4,magic-johnson,Magic Johnson,,,,,,,,,,,99.74424552429667,99.74424552429667,,
Impact,5,lebron-james,LeBron James,,,,,,,,,,,99.65899403239555,99.65899403239557,,
Impact,6,wilt-chamberlain,Wilt Chamberlain,,,,,,,,,,,99.57374254049446,99.57374254049446,,
Impact,7,kareem-abdul-jabbar,Kareem Abdul-Jabbar,,,,,,,,,,,99.48849104859336,99.48849104859335,,
Impact,8,kevin-garnett,Kevin Garnett,,,,,,,,,,,99.40323955669224,99.40323955669224,,
Impact,9,tim-duncan,Tim Duncan,,,,,,,,,,,99.31798806479114,99.31798806479114,,
Impact,10,john-stockton,John Stockton,,,,,,,,,,,99.23273657289002,99.23273657289002,,
Impact,11,charles-barkley,Charles Barkley,,,,,,,,,,,99.14748508098891,99.14748508098891,,
Impact,12,hakeem-olajuwon,Hakeem Olajuwon,,,,,,,,,,,99.0622335890878,99.06223358908781,,
Impact,13,oscar-robertson,Oscar Robertson,,,,,,,,,,,98.9769820971867,98.9769820971867,,
Impact,14,jerry-west,Jerry West,,,,,,,,,,,98.8917306052856,98.89173060528559,,
Impact,15,karl-malone,Karl Malone,,,,,,,,,,,98.80647911338448,98.80647911338448,,
Impact,16,clyde-drexler,Clyde Drexler,,,,,,,,,,,98.72122762148338,98.72122762148338,,
Impact,17,kawhi-leonard,Kawhi Leonard,,,,,,,,,,,98.63597612958226,98.63597612958226,,
Impact,18,scottie-pippen,Scottie Pippen,,,,,,,,,,,98.55072463768116,98.55072463768116,,
Impact,19,shaquille-o-neal,Shaquille O'Neal,,,,,,,,,,,98.46547314578004,98.46547314578005,,
Impact,20,julius-erving,Julius Erving,,,,,,,,,,,98.38022165387896,98.38022165387895,,
Impact,21,nikola-joki,Nikola Jokić,,,,,,,,,,,98.29497016197784,98.29497016197783,,
Impact,22,stephen-curry,Stephen Curry,,,,,,,,,,,98.20971867007673,98.20971867007673,,
Impact,23,james-harden,James Harden,,,,,,,,,,,98.12446717817562,98.12446717817562,,
Impact,24,eddie-jones,Eddie Jones,,,,,,,,,,,98.03921568627452,98.03921568627452,,
Impact,25,paul-george,Paul George,,,,,,,,,,,97.9539641943734,97.9539641943734,,
Overall SDI,1,nikola-joki,Nikola Jokić,,,,,,,,,,,,,90.03079097061274,100.0
Overall SDI,2,giannis-antetokounmpo,Giannis Antetokounmpo,,,,,,,,,,,,,86.15513619588842,99.91568296795953
Overall SDI,3,lebron-james,LeBron James,,,,,,,,,,,,,85.92494901312764,99.83136593591905
Overall SDI,4,michael-jordan,Michael Jordan,,,,,,,,,,,,,85.71571592802024,99.74704890387858
Overall SDI,5,david-robinson,David Robinson,,,,,,,,,,,,,85.61762827578153,99.6627318718381
Overall SDI,6,wilt-chamberlain,Wilt Chamberlain,,,,,,,,,,,,,85.5822402445776,99.57841483979765
Overall SDI,7,joel-embiid,Joel Embiid,,,,,,,,,,,,,85.49710463821583,99.49409780775717
Overall SDI,8,kawhi-leonard,Kawhi Leonard,,,,,,,,,,,,,85.37764262401073,99.4097807757167
Overall SDI,9,anthony-davis,Anthony Davis,,,,,,,,,,,,,85.16589947025886,99.32546374367622
Overall SDI,10,larry-bird,Larry Bird,,,,,,,,,,,,,85.08887534572465,99.24114671163575
Overall SDI,11,shai-gilgeous-alexander,Shai Gilgeous-Alexander,,,,,,,,,,,,,83.75733489295632,99.15682967959528
Overall SDI,12,karl-malone,Karl Malone,,,,,,,,,,,,,82.94057992819612,99.0725126475548
Overall SDI,13,kevin-garnett,Kevin Garnett,,,,,,,,,,,,,82.58534416218397,98.98819561551433
Overall SDI,14,hakeem-olajuwon,Hakeem Olajuwon,,,,,,,,,,,,,82.08079884605786,98.90387858347385
Overall SDI,15,shaquille-o-neal,Shaquille O'Neal,,,,,,,,,,,,,81.70108876776357,98.8195615514334
Overall SDI,16,kareem-abdul-jabbar,Kareem Abdul-Jabbar,,,,,,,,,,,,,81.44657633010596,98.73524451939292
Overall SDI,17,julius-erving,Julius Erving,,,,,,,,,,,,,81.24242157246069,98.65092748735245
Overall SDI,18,tim-duncan,Tim Duncan,,,,,,,,,,,,,80.95176354794474,98.56661045531197
Overall SDI,19,jimmy-butler,Jimmy Butler,,,,,,,,,,,,,80.79009452531525,98.4822934232715
Overall SDI,20,charles-barkley,Charles Barkley,,,,,,,,,,,,,80.53886257913217,98.39797639123103
Overall SDI,21,jayson-tatum,Jayson Tatum,,,,,,,,,,,,,79.90281047676888,98.31365935919055
Overall SDI,22,magic-johnson,Magic Johnson,,,,,,,,,,,,,79.73554155395644,98.22934232715008
Overall SDI,23,james-harden,James Harden,,,,,,,,,,,,,79.46979468358896,98.14502529510962
Overall SDI,24,kevin-durant,Kevin Durant,,,,,,,,,,,,,79.44028651598832,98.06070826306915
Overall SDI,25,arvydas-sabonis,Arvydas Sabonis,,,,,,,,,,,,,79.40332321735858,97.97639123102867
