Player_ID,Player,NBA_Player_ID,Headshot_URL,Headshot_Status,Verification_Status
P000341,Ben Wallace,1112.0,https://cdn.nba.com/headshots/nba/latest/1040x760/1112.png,candidate,
P000342,Ben Wallace*,1112.0,https://cdn.nba.com/headshots/nba/latest/1040x760/1112.png,candidate,
P001338,Dominique Wilkins,1122.0,https://cdn.nba.com/headshots/nba/latest/1040x760/1122.png,candidate,
P001339,Dominique Wilkins*,1122.0,https://cdn.nba.com/headshots/nba/latest/1040x760/1122.png,candidate,
P004705,Vlade Divac*,124.0,https://cdn.nba.com/headshots/nba/latest/1040x760/124.png,candidate,
P004704,Vlade Divac,124.0,https://cdn.nba.com/headshots/nba/latest/1040x760/124.png,candidate,
P001321,Dino Radja,129.0,https://cdn.nba.com/headshots/nba/latest/1040x760/129.png,candidate,
P001322,Dino Radja*,129.0,https://cdn.nba.com/headshots/nba/latest/1040x760/129.png,candidate,
P002950,Larry Bird,1449.0,https://cdn.nba.com/headshots/nba/latest/1040x760/1449.png,candidate,
P002951,Larry Bird*,1449.0,https://cdn.nba.com/headshots/nba/latest/1040x760/1449.png,candidate,
P002840,Kevin McHale,1450.0,https://cdn.nba.com/headshots/nba/latest/1040x760/1450.png,candidate,
P002841,Kevin McHale*,1450.0,https://cdn.nba.com/headshots/nba/latest/1040x760/1450.png,candidate,
P004743,Walter Davis*,1453.0,https://cdn.nba.com/headshots/nba/latest/1040x760/1453.png,candidate,
P004742,Walter Davis,1453.0,https://cdn.nba.com/headshots/nba/latest/1040x760/1453.png,candidate,
P002153,James Worthy*,1460.0,https://cdn.nba.com/headshots/nba/latest/1040x760/1460.png,candidate,
P002152,James Worthy,1460.0,https://cdn.nba.com/headshots/nba/latest/1040x760/1460.png,candidate,
P004442,Tim Duncan*,1495.0,https://cdn.nba.com/headshots/nba/latest/1040x760/1495.png,candidate,
P004441,Tim Duncan,1495.0,https://cdn.nba.com/headshots/nba/latest/1040x760/1495.png,candidate,
P000768,Chauncey Billups,1497.0,https://cdn.nba.com/headshots/nba/latest/1040x760/1497.png,candidate,
P000769,Chauncey Billups*,1497.0,https://cdn.nba.com/headshots/nba/latest/1040x760/1497.png,candidate,
P004560,Tracy McGrady,1503.0,https://cdn.nba.com/headshots/nba/latest/1040x760/1503.png,candidate,
P004561,Tracy McGrady*,1503.0,https://cdn.nba.com/headshots/nba/latest/1040x760/1503.png,candidate,
P001861,Hakeem Olajuwon*,165.0,https://cdn.nba.com/headshots/nba/latest/1040x760/165.png,candidate,
P001860,Hakeem Olajuwon,165.0,https://cdn.nba.com/headshots/nba/latest/1040x760/165.png,candidate,
P000898,Clyde Drexler,17.0,https://cdn.nba.com/headshots/nba/latest/1040x760/17.png,candidate,
P000899,Clyde Drexler*,17.0,https://cdn.nba.com/headshots/nba/latest/1040x760/17.png,candidate,
P004691,Vince Carter,1713.0,https://cdn.nba.com/headshots/nba/latest/1040x760/1713.png,candidate,
P004692,Vince Carter*,1713.0,https://cdn.nba.com/headshots/nba/latest/1040x760/1713.png,candidate,
P001327,Dirk Nowitzki,1717.0,https://cdn.nba.com/headshots/nba/latest/1040x760/1717.png,candidate,
P001328,Dirk Nowitzki*,1717.0,https://cdn.nba.com/headshots/nba/latest/1040x760/1717.png,candidate,
P003697,Paul Pierce,1718.0,https://cdn.nba.com/headshots/nba/latest/1040x760/1718.png,candidate,
P003698,Paul Pierce*,1718.0,https://cdn.nba.com/headshots/nba/latest/1040x760/1718.png,candidate,
P000835,Chris Webber*,185.0,https://cdn.nba.com/headshots/nba/latest/1040x760/185.png,candidate,
P000834,Chris Webber,185.0,https://cdn.nba.com/headshots/nba/latest/1040x760/185.png,candidate,
P003149,Manu Ginóbili,1938.0,https://cdn.nba.com/headshots/nba/latest/1040x760/1938.png,candidate,
P003150,Manu Ginóbili*,1938.0,https://cdn.nba.com/headshots/nba/latest/1040x760/1938.png,candidate,
P003678,Pau Gasol*,2200.0,https://cdn.nba.com/headshots/nba/latest/1040x760/2200.png,candidate,
P003677,Pau Gasol,2200.0,https://cdn.nba.com/headshots/nba/latest/1040x760/2200.png,candidate,
P004543,Tony Parker*,2225.0,https://cdn.nba.com/headshots/nba/latest/1040x760/2225.png,candidate,
P004542,Tony Parker,2225.0,https://cdn.nba.com/headshots/nba/latest/1040x760/2225.png,candidate,
P001217,Dennis Rodman*,23.0,https://cdn.nba.com/headshots/nba/latest/1040x760/23.png,candidate,
P001216,Dennis Rodman,23.0,https://cdn.nba.com/headshots/nba/latest/1040x760/23.png,candidate,
P004847,Yao Ming*,2397.0,https://cdn.nba.com/headshots/nba/latest/1040x760/2397.png,candidate,
P004846,Yao Ming,2397.0,https://cdn.nba.com/headshots/nba/latest/1040x760/2397.png,candidate,
P002435,Joe Dumars*,247.0,https://cdn.nba.com/headshots/nba/latest/1040x760/247.png,candidate,
P002434,Joe Dumars,247.0,https://cdn.nba.com/headshots/nba/latest/1040x760/247.png,candidate,
P002717,Karl Malone*,252.0,https://cdn.nba.com/headshots/nba/latest/1040x760/252.png,candidate,
P002716,Karl Malone,252.0,https://cdn.nba.com/headshots/nba/latest/1040x760/252.png,candidate,
P000700,Carmelo Anthony*,2546.0,https://cdn.nba.com/headshots/nba/latest/1040x760/2546.png,candidate,
P000699,Carmelo Anthony,2546.0,https://cdn.nba.com/headshots/nba/latest/1040x760/2546.png,candidate,
P000787,Chris Bosh*,2547.0,https://cdn.nba.com/headshots/nba/latest/1040x760/2547.png,candidate,
P000786,Chris Bosh,2547.0,https://cdn.nba.com/headshots/nba/latest/1040x760/2547.png,candidate,
P001446,Dwyane Wade,2548.0,https://cdn.nba.com/headshots/nba/latest/1040x760/2548.png,candidate,
P001447,Dwyane Wade*,2548.0,https://cdn.nba.com/headshots/nba/latest/1040x760/2548.png,candidate,
P001805,Grant Hill*,255.0,https://cdn.nba.com/headshots/nba/latest/1040x760/255.png,candidate,
P001804,Grant Hill,255.0,https://cdn.nba.com/headshots/nba/latest/1040x760/255.png,candidate,
P001441,Dwight Howard,2730.0,https://cdn.nba.com/headshots/nba/latest/1040x760/2730.png,candidate,
P001442,Dwight Howard*,2730.0,https://cdn.nba.com/headshots/nba/latest/1040x760/2730.png,candidate,
P000138,Alonzo Mourning,297.0,https://cdn.nba.com/headshots/nba/latest/1040x760/297.png,candidate,
P000139,Alonzo Mourning*,297.0,https://cdn.nba.com/headshots/nba/latest/1040x760/297.png,candidate,
P002535,John Stockton*,304.0,https://cdn.nba.com/headshots/nba/latest/1040x760/304.png,candidate,
P002534,John Stockton,304.0,https://cdn.nba.com/headshots/nba/latest/1040x760/304.png,candidate,
P003969,Robert Parish,305.0,https://cdn.nba.com/headshots/nba/latest/1040x760/305.png,candidate,
P003970,Robert Parish*,305.0,https://cdn.nba.com/headshots/nba/latest/1040x760/305.png,candidate,
P004892,Šarūnas Marčiulionis*,36.0,https://cdn.nba.com/headshots/nba/latest/1040x760/36.png,candidate,
P004891,Šarūnas Marčiulionis,36.0,https://cdn.nba.com/headshots/nba/latest/1040x760/36.png,candidate,
P004525,Toni Kukoč*,389.0,https://cdn.nba.com/headshots/nba/latest/1040x760/389.png,candidate,
P004524,Toni Kukoč,389.0,https://cdn.nba.com/headshots/nba/latest/1040x760/389.png,candidate,
P003888,Reggie Miller,397.0,https://cdn.nba.com/headshots/nba/latest/1040x760/397.png,candidate,
P003889,Reggie Miller*,397.0,https://cdn.nba.com/headshots/nba/latest/1040x760/397.png,candidate,
P004211,Shaquille O'Neal,406.0,https://cdn.nba.com/headshots/nba/latest/1040x760/406.png,candidate,
P004212,Shaquille O'Neal*,406.0,https://cdn.nba.com/headshots/nba/latest/1040x760/406.png,candidate,
P002201,Jason Kidd*,467.0,https://cdn.nba.com/headshots/nba/latest/1040x760/467.png,candidate,
P002200,Jason Kidd,467.0,https://cdn.nba.com/headshots/nba/latest/1040x760/467.png,candidate,
P001703,Gary Payton,56.0,https://cdn.nba.com/headshots/nba/latest/1040x760/56.png,candidate,
P001705,Gary Payton*,56.0,https://cdn.nba.com/headshots/nba/latest/1040x760/56.png,candidate,
P003516,Nate Thurmond*,600001.0,https://cdn.nba.com/headshots/nba/latest/1040x760/600001.png,candidate,
P003515,Nate Thurmond,600001.0,https://cdn.nba.com/headshots/nba/latest/1040x760/600001.png,candidate,
P000443,Bob Cousy,600003.0,https://cdn.nba.com/headshots/nba/latest/1040x760/600003.png,candidate,
P000444,Bob Cousy*,600003.0,https://cdn.nba.com/headshots/nba/latest/1040x760/600003.png,candidate,
P000465,Bob Lanier,600005.0,https://cdn.nba.com/headshots/nba/latest/1040x760/600005.png,candidate,
P000466,Bob Lanier*,600005.0,https://cdn.nba.com/headshots/nba/latest/1040x760/600005.png,candidate,
P001466,Earl Monroe,600006.0,https://cdn.nba.com/headshots/nba/latest/1040x760/600006.png,candidate,
P001467,Earl Monroe*,600006.0,https://cdn.nba.com/headshots/nba/latest/1040x760/600006.png,candidate,
P001750,George Mikan,600012.0,https://cdn.nba.com/headshots/nba/latest/1040x760/600012.png,candidate,
P001751,George Mikan*,600012.0,https://cdn.nba.com/headshots/nba/latest/1040x760/600012.png,candidate,
P003927,Rick Barry*,600013.0,https://cdn.nba.com/headshots/nba/latest/1040x760/600013.png,candidate,
P003926,Rick Barry,600013.0,https://cdn.nba.com/headshots/nba/latest/1040x760/600013.png,candidate,
P000282,Artis Gilmore,600014.0,https://cdn.nba.com/headshots/nba/latest/1040x760/600014.png,candidate,
P000283,Artis Gilmore*,600014.0,https://cdn.nba.com/headshots/nba/latest/1040x760/600014.png,candidate,
P003624,Oscar Robertson*,600015.0,https://cdn.nba.com/headshots/nba/latest/1040x760/600015.png,candidate,
P003623,Oscar Robertson,600015.0,https://cdn.nba.com/headshots/nba/latest/1040x760/600015.png,candidate,
P003289,Maurice Stokes,600016.0,https://cdn.nba.com/headshots/nba/latest/1040x760/600016.png,candidate,
P003290,Maurice Stokes*,600016.0,https://cdn.nba.com/headshots/nba/latest/1040x760/600016.png,candidate,
P002825,Kevin Garnett*,708.0,https://cdn.nba.com/headshots/nba/latest/1040x760/708.png,candidate,
P002824,Kevin Garnett,708.0,https://cdn.nba.com/headshots/nba/latest/1040x760/708.png,candidate,
P000287,Arvydas Sabonis*,717.0,https://cdn.nba.com/headshots/nba/latest/1040x760/717.png,candidate,
P000286,Arvydas Sabonis,717.0,https://cdn.nba.com/headshots/nba/latest/1040x760/717.png,candidate,
P002712,Kareem Abdul-Jabbar,76003.0,https://cdn.nba.com/headshots/nba/latest/1040x760/76003.png,candidate,
P002713,Kareem Abdul-Jabbar*,76003.0,https://cdn.nba.com/headshots/nba/latest/1040x760/76003.png,candidate,
P003925,Rick Adelman*,76015.0,https://cdn.nba.com/headshots/nba/latest/1040x760/76015.png,candidate,
P003924,Rick Adelman,76015.0,https://cdn.nba.com/headshots/nba/latest/1040x760/76015.png,candidate,
P003680,Paul Arizin*,76056.0,https://cdn.nba.com/headshots/nba/latest/1040x760/76056.png,candidate,
P003679,Paul Arizin,76056.0,https://cdn.nba.com/headshots/nba/latest/1040x760/76056.png,candidate,
P001345,Don Barksdale*,76102.0,https://cdn.nba.com/headshots/nba/latest/1040x760/76102.png,candidate,
P001344,Don Barksdale,76102.0,https://cdn.nba.com/headshots/nba/latest/1040x760/76102.png,candidate,
P001290,Dick Barnett*,76107.0,https://cdn.nba.com/headshots/nba/latest/1040x760/76107.png,candidate,
P001289,Dick Barnett,76107.0,https://cdn.nba.com/headshots/nba/latest/1040x760/76107.png,candidate,
P001523,Elgin Baylor,76127.0,https://cdn.nba.com/headshots/nba/latest/1040x760/76127.png,candidate,
P001524,Elgin Baylor*,76127.0,https://cdn.nba.com/headshots/nba/latest/1040x760/76127.png,candidate,
P004875,Zelmo Beaty*,76133.0,https://cdn.nba.com/headshots/nba/latest/1040x760/76133.png,candidate,
P004874,Zelmo Beaty,76133.0,https://cdn.nba.com/headshots/nba/latest/1040x760/76133.png,candidate,
P004727,Walt Bellamy,76144.0,https://cdn.nba.com/headshots/nba/latest/1040x760/76144.png,candidate,
P004728,Walt Bellamy*,76144.0,https://cdn.nba.com/headshots/nba/latest/1040x760/76144.png,candidate,
P001101,Dave Bing,76166.0,https://cdn.nba.com/headshots/nba/latest/1040x760/76166.png,candidate,
P001102,Dave Bing*,76166.0,https://cdn.nba.com/headshots/nba/latest/1040x760/76166.png,candidate,
P000363,Bill Bradley*,76233.0,https://cdn.nba.com/headshots/nba/latest/1040x760/76233.png,candidate,
P000362,Bill Bradley,76233.0,https://cdn.nba.com/headshots/nba/latest/1040x760/76233.png,candidate,
P000681,Carl Braun,76243.0,https://cdn.nba.com/headshots/nba/latest/1040x760/76243.png,candidate,
P000682,Carl Braun*,76243.0,https://cdn.nba.com/headshots/nba/latest/1040x760/76243.png,candidate,
P000061,Al Cervi*,76373.0,https://cdn.nba.com/headshots/nba/latest/1040x760/76373.png,candidate,
P000060,Al Cervi,76373.0,https://cdn.nba.com/headshots/nba/latest/1040x760/76373.png,candidate,
P004824,Wilt Chamberlain*,76375.0,https://cdn.nba.com/headshots/nba/latest/1040x760/76375.png,candidate,
P004823,Wilt Chamberlain,76375.0,https://cdn.nba.com/headshots/nba/latest/1040x760/76375.png,candidate,
P003282,Maurice Cheeks*,76385.0,https://cdn.nba.com/headshots/nba/latest/1040x760/76385.png,candidate,
P003281,Maurice Cheeks,76385.0,https://cdn.nba.com/headshots/nba/latest/1040x760/76385.png,candidate,
P001148,David Robinson,764.0,https://cdn.nba.com/headshots/nba/latest/1040x760/764.png,candidate,
P001149,David Robinson*,764.0,https://cdn.nba.com/headshots/nba/latest/1040x760/764.png,candidate,
P003503,Nat Clifton*,76404.0,https://cdn.nba.com/headshots/nba/latest/1040x760/76404.png,candidate,
P003502,Nat Clifton,76404.0,https://cdn.nba.com/headshots/nba/latest/1040x760/76404.png,candidate,
P001397,Doug Collins*,76421.0,https://cdn.nba.com/headshots/nba/latest/1040x760/76421.png,candidate,
P001396,Doug Collins,76421.0,https://cdn.nba.com/headshots/nba/latest/1040x760/76421.png,candidate,
P000848,Chuck Cooper,76442.0,https://cdn.nba.com/headshots/nba/latest/1040x760/76442.png,candidate,
P000849,Chuck Cooper*,76442.0,https://cdn.nba.com/headshots/nba/latest/1040x760/76442.png,candidate,
P003335,Michael Cooper,76444.0,https://cdn.nba.com/headshots/nba/latest/1040x760/76444.png,candidate,
P003336,Michael Cooper*,76444.0,https://cdn.nba.com/headshots/nba/latest/1040x760/76444.png,candidate,
P002954,Larry Costello,76454.0,https://cdn.nba.com/headshots/nba/latest/1040x760/76454.png,candidate,
P002955,Larry Costello*,76454.0,https://cdn.nba.com/headshots/nba/latest/1040x760/76454.png,candidate,
P001107,Dave Cowens*,76462.0,https://cdn.nba.com/headshots/nba/latest/1040x760/76462.png,candidate,
P001106,Dave Cowens,76462.0,https://cdn.nba.com/headshots/nba/latest/1040x760/76462.png,candidate,
P000402,Billy Cunningham*,76487.0,https://cdn.nba.com/headshots/nba/latest/1040x760/76487.png,candidate,
P000401,Billy Cunningham,76487.0,https://cdn.nba.com/headshots/nba/latest/1040x760/76487.png,candidate,
P000446,Bob Dandridge*,76500.0,https://cdn.nba.com/headshots/nba/latest/1040x760/76500.png,candidate,
P000445,Bob Dandridge,76500.0,https://cdn.nba.com/headshots/nba/latest/1040x760/76500.png,candidate,
P000049,Adrian Dantley,76504.0,https://cdn.nba.com/headshots/nba/latest/1040x760/76504.png,candidate,
P000050,Adrian Dantley*,76504.0,https://cdn.nba.com/headshots/nba/latest/1040x760/76504.png,candidate,
P000447,Bob Davies,76514.0,https://cdn.nba.com/headshots/nba/latest/1040x760/76514.png,candidate,
P000448,Bob Davies*,76514.0,https://cdn.nba.com/headshots/nba/latest/1040x760/76514.png,candidate,
P001109,Dave DeBusschere*,76545.0,https://cdn.nba.com/headshots/nba/latest/1040x760/76545.png,candidate,
P001108,Dave DeBusschere,76545.0,https://cdn.nba.com/headshots/nba/latest/1040x760/76545.png,candidate,
P004758,Wayne Embry*,76668.0,https://cdn.nba.com/headshots/nba/latest/1040x760/76668.png,candidate,
P004757,Wayne Embry,76668.0,https://cdn.nba.com/headshots/nba/latest/1040x760/76668.png,candidate,
P000102,Alex English,76673.0,https://cdn.nba.com/headshots/nba/latest/1040x760/76673.png,candidate,
P000103,Alex English*,76673.0,https://cdn.nba.com/headshots/nba/latest/1040x760/76673.png,candidate,
P002668,Julius Erving*,76681.0,https://cdn.nba.com/headshots/nba/latest/1040x760/76681.png,candidate,
P002667,Julius Erving,76681.0,https://cdn.nba.com/headshots/nba/latest/1040x760/76681.png,candidate,
P004731,Walt Frazier,76750.0,https://cdn.nba.com/headshots/nba/latest/1040x760/76750.png,candidate,
P004732,Walt Frazier*,76750.0,https://cdn.nba.com/headshots/nba/latest/1040x760/76750.png,candidate,
P002438,Joe Fulks*,76764.0,https://cdn.nba.com/headshots/nba/latest/1040x760/76764.png,candidate,
P002437,Joe Fulks,76764.0,https://cdn.nba.com/headshots/nba/latest/1040x760/76764.png,candidate,
P001884,Harry Gallatin,76773.0,https://cdn.nba.com/headshots/nba/latest/1040x760/76773.png,candidate,
P001885,Harry Gallatin*,76773.0,https://cdn.nba.com/headshots/nba/latest/1040x760/76773.png,candidate,
P001735,George Gervin,76804.0,https://cdn.nba.com/headshots/nba/latest/1040x760/76804.png,candidate,
P001736,George Gervin*,76804.0,https://cdn.nba.com/headshots/nba/latest/1040x760/76804.png,candidate,
P004488,Tom Gola*,76828.0,https://cdn.nba.com/headshots/nba/latest/1040x760/76828.png,candidate,
P004487,Tom Gola,76828.0,https://cdn.nba.com/headshots/nba/latest/1040x760/76828.png,candidate,
P001675,Gail Goodrich,76832.0,https://cdn.nba.com/headshots/nba/latest/1040x760/76832.png,candidate,
P001676,Gail Goodrich*,76832.0,https://cdn.nba.com/headshots/nba/latest/1040x760/76832.png,candidate,
P001863,Hal Greer,76882.0,https://cdn.nba.com/headshots/nba/latest/1040x760/76882.png,candidate,
P001864,Hal Greer*,76882.0,https://cdn.nba.com/headshots/nba/latest/1040x760/76882.png,candidate,
P003921,Richie Guerin,76902.0,https://cdn.nba.com/headshots/nba/latest/1040x760/76902.png,candidate,
P003922,Richie Guerin*,76902.0,https://cdn.nba.com/headshots/nba/latest/1040x760/76902.png,candidate,
P000883,Cliff Hagan*,76912.0,https://cdn.nba.com/headshots/nba/latest/1040x760/76912.png,candidate,
P000882,Cliff Hagan,76912.0,https://cdn.nba.com/headshots/nba/latest/1040x760/76912.png,candidate,
P000106,Alex Hannum,76937.0,https://cdn.nba.com/headshots/nba/latest/1040x760/76937.png,candidate,
P000107,Alex Hannum*,76937.0,https://cdn.nba.com/headshots/nba/latest/1040x760/76937.png,candidate,
P002499,John Havlicek*,76970.0,https://cdn.nba.com/headshots/nba/latest/1040x760/76970.png,candidate,
P002498,John Havlicek,76970.0,https://cdn.nba.com/headshots/nba/latest/1040x760/76970.png,candidate,
P000921,Connie Hawkins*,76972.0,https://cdn.nba.com/headshots/nba/latest/1040x760/76972.png,candidate,
P000920,Connie Hawkins,76972.0,https://cdn.nba.com/headshots/nba/latest/1040x760/76972.png,candidate,
P001540,Elvin Hayes*,76979.0,https://cdn.nba.com/headshots/nba/latest/1040x760/76979.png,candidate,
P001539,Elvin Hayes,76979.0,https://cdn.nba.com/headshots/nba/latest/1040x760/76979.png,candidate,
P004274,Spencer Haywood*,76981.0,https://cdn.nba.com/headshots/nba/latest/1040x760/76981.png,candidate,
P004273,Spencer Haywood,76981.0,https://cdn.nba.com/headshots/nba/latest/1040x760/76981.png,candidate,
P004493,Tom Heinsohn*,76988.0,https://cdn.nba.com/headshots/nba/latest/1040x760/76988.png,candidate,
P004492,Tom Heinsohn,76988.0,https://cdn.nba.com/headshots/nba/latest/1040x760/76988.png,candidate,
P003868,Red Holzman*,77050.0,https://cdn.nba.com/headshots/nba/latest/1040x760/77050.png,candidate,
P003867,Red Holzman,77050.0,https://cdn.nba.com/headshots/nba/latest/1040x760/77050.png,candidate,
P000462,Bob Houbregs*,77062.0,https://cdn.nba.com/headshots/nba/latest/1040x760/77062.png,candidate,
P000461,Bob Houbregs,77062.0,https://cdn.nba.com/headshots/nba/latest/1040x760/77062.png,candidate,
P000308,Bailey Howell*,77070.0,https://cdn.nba.com/headshots/nba/latest/1040x760/77070.png,candidate,
P000307,Bailey Howell,77070.0,https://cdn.nba.com/headshots/nba/latest/1040x760/77070.png,candidate,
P003066,Lou Hudson*,77074.0,https://cdn.nba.com/headshots/nba/latest/1040x760/77074.png,candidate,
P003065,Lou Hudson,77074.0,https://cdn.nba.com/headshots/nba/latest/1040x760/77074.png,candidate,
P001024,Dan Issel*,77097.0,https://cdn.nba.com/headshots/nba/latest/1040x760/77097.png,candidate,
P001023,Dan Issel,77097.0,https://cdn.nba.com/headshots/nba/latest/1040x760/77097.png,candidate,
P003748,Phil Jackson,77106.0,https://cdn.nba.com/headshots/nba/latest/1040x760/77106.png,candidate,
P003749,Phil Jackson*,77106.0,https://cdn.nba.com/headshots/nba/latest/1040x760/77106.png,candidate,
P001213,Dennis Johnson,77141.0,https://cdn.nba.com/headshots/nba/latest/1040x760/77141.png,candidate,
P001214,Dennis Johnson*,77141.0,https://cdn.nba.com/headshots/nba/latest/1040x760/77141.png,candidate,
P003117,Magic Johnson*,77142.0,https://cdn.nba.com/headshots/nba/latest/1040x760/77142.png,candidate,
P003116,Magic Johnson,77142.0,https://cdn.nba.com/headshots/nba/latest/1040x760/77142.png,candidate,
P001850,Gus Johnson*,77150.0,https://cdn.nba.com/headshots/nba/latest/1040x760/77150.png,candidate,
P001849,Gus Johnson,77150.0,https://cdn.nba.com/headshots/nba/latest/1040x760/77150.png,candidate,
P003531,Neil Johnston*,77169.0,https://cdn.nba.com/headshots/nba/latest/1040x760/77169.png,candidate,
P003530,Neil Johnston,77169.0,https://cdn.nba.com/headshots/nba/latest/1040x760/77169.png,candidate,
P002698,K.C. Jones,77188.0,https://cdn.nba.com/headshots/nba/latest/1040x760/77188.png,candidate,
P002699,K.C. Jones*,77188.0,https://cdn.nba.com/headshots/nba/latest/1040x760/77188.png,candidate,
P004118,Sam Jones*,77196.0,https://cdn.nba.com/headshots/nba/latest/1040x760/77196.png,candidate,
P004117,Sam Jones,77196.0,https://cdn.nba.com/headshots/nba/latest/1040x760/77196.png,candidate,
P001741,George Karl*,77223.0,https://cdn.nba.com/headshots/nba/latest/1040x760/77223.png,candidate,
P001740,George Karl,77223.0,https://cdn.nba.com/headshots/nba/latest/1040x760/77223.png,candidate,
P000349,Bernard King,77264.0,https://cdn.nba.com/headshots/nba/latest/1040x760/77264.png,candidate,
P000350,Bernard King*,77264.0,https://cdn.nba.com/headshots/nba/latest/1040x760/77264.png,candidate,
P001464,Earl Lloyd,77394.0,https://cdn.nba.com/headshots/nba/latest/1040x760/77394.png,candidate,
P001465,Earl Lloyd*,77394.0,https://cdn.nba.com/headshots/nba/latest/1040x760/77394.png,candidate,
P000901,Clyde Lovellette,77414.0,https://cdn.nba.com/headshots/nba/latest/1040x760/77414.png,candidate,
P000902,Clyde Lovellette*,77414.0,https://cdn.nba.com/headshots/nba/latest/1040x760/77414.png,candidate,
P002329,Jerry Lucas*,77418.0,https://cdn.nba.com/headshots/nba/latest/1040x760/77418.png,candidate,
P002328,Jerry Lucas,77418.0,https://cdn.nba.com/headshots/nba/latest/1040x760/77418.png,candidate,
P001482,Ed Macauley,77429.0,https://cdn.nba.com/headshots/nba/latest/1040x760/77429.png,candidate,
P001483,Ed Macauley*,77429.0,https://cdn.nba.com/headshots/nba/latest/1040x760/77429.png,candidate,
P003476,Moses Malone*,77449.0,https://cdn.nba.com/headshots/nba/latest/1040x760/77449.png,candidate,
P003475,Moses Malone,77449.0,https://cdn.nba.com/headshots/nba/latest/1040x760/77449.png,candidate,
P003731,Pete Maravich*,77459.0,https://cdn.nba.com/headshots/nba/latest/1040x760/77459.png,candidate,
P003730,Pete Maravich,77459.0,https://cdn.nba.com/headshots/nba/latest/1040x760/77459.png,candidate,
P004254,Slater Martin,77480.0,https://cdn.nba.com/headshots/nba/latest/1040x760/77480.png,candidate,
P004255,Slater Martin*,77480.0,https://cdn.nba.com/headshots/nba/latest/1040x760/77480.png,candidate,
P000472,Bob McAdoo*,77498.0,https://cdn.nba.com/headshots/nba/latest/1040x760/77498.png,candidate,
P000471,Bob McAdoo,77498.0,https://cdn.nba.com/headshots/nba/latest/1040x760/77498.png,candidate,
P001747,George McGinnis,77532.0,https://cdn.nba.com/headshots/nba/latest/1040x760/77532.png,candidate,
P001748,George McGinnis*,77532.0,https://cdn.nba.com/headshots/nba/latest/1040x760/77532.png,candidate,
P000072,Al McGuire,77536.0,https://cdn.nba.com/headshots/nba/latest/1040x760/77536.png,candidate,
P000073,Al McGuire*,77536.0,https://cdn.nba.com/headshots/nba/latest/1040x760/77536.png,candidate,
P001303,Dick McGuire*,77537.0,https://cdn.nba.com/headshots/nba/latest/1040x760/77537.png,candidate,
P001302,Dick McGuire,77537.0,https://cdn.nba.com/headshots/nba/latest/1040x760/77537.png,candidate,
P004675,Vern Mikkelsen,77593.0,https://cdn.nba.com/headshots/nba/latest/1040x760/77593.png,candidate,
P004676,Vern Mikkelsen*,77593.0,https://cdn.nba.com/headshots/nba/latest/1040x760/77593.png,candidate,
P004241,Sidney Moncrief,77626.0,https://cdn.nba.com/headshots/nba/latest/1040x760/77626.png,candidate,
P004242,Sidney Moncrief*,77626.0,https://cdn.nba.com/headshots/nba/latest/1040x760/77626.png,candidate,
P000663,Calvin Murphy,77669.0,https://cdn.nba.com/headshots/nba/latest/1040x760/77669.png,candidate,
P000664,Calvin Murphy*,77669.0,https://cdn.nba.com/headshots/nba/latest/1040x760/77669.png,candidate,
P001358,Don Nelson,77700.0,https://cdn.nba.com/headshots/nba/latest/1040x760/77700.png,candidate,
P001359,Don Nelson*,77700.0,https://cdn.nba.com/headshots/nba/latest/1040x760/77700.png,candidate,
P001411,Dražen Petrović,77845.0,https://cdn.nba.com/headshots/nba/latest/1040x760/77845.png,candidate,
P001412,Dražen Petrović*,77845.0,https://cdn.nba.com/headshots/nba/latest/1040x760/77845.png,candidate,
P000479,Bob Pettit,77847.0,https://cdn.nba.com/headshots/nba/latest/1040x760/77847.png,candidate,
P000480,Bob Pettit*,77847.0,https://cdn.nba.com/headshots/nba/latest/1040x760/77847.png,candidate,
P000202,Andy Phillip,77853.0,https://cdn.nba.com/headshots/nba/latest/1040x760/77853.png,candidate,
P000203,Andy Phillip*,77853.0,https://cdn.nba.com/headshots/nba/latest/1040x760/77853.png,candidate,
P002388,Jim Pollard,77867.0,https://cdn.nba.com/headshots/nba/latest/1040x760/77867.png,candidate,
P002389,Jim Pollard*,77867.0,https://cdn.nba.com/headshots/nba/latest/1040x760/77867.png,candidate,
P001632,Frank Ramsey,77907.0,https://cdn.nba.com/headshots/nba/latest/1040x760/77907.png,candidate,
P001633,Frank Ramsey*,77907.0,https://cdn.nba.com/headshots/nba/latest/1040x760/77907.png,candidate,
P004819,Willis Reed*,77929.0,https://cdn.nba.com/headshots/nba/latest/1040x760/77929.png,candidate,
P004818,Willis Reed,77929.0,https://cdn.nba.com/headshots/nba/latest/1040x760/77929.png,candidate,
P003662,Pat Riley,77962.0,https://cdn.nba.com/headshots/nba/latest/1040x760/77962.png,candidate,
P003663,Pat Riley*,77962.0,https://cdn.nba.com/headshots/nba/latest/1040x760/77962.png,candidate,
P000271,Arnie Risen*,77967.0,https://cdn.nba.com/headshots/nba/latest/1040x760/77967.png,candidate,
P000270,Arnie Risen,77967.0,https://cdn.nba.com/headshots/nba/latest/1040x760/77967.png,candidate,
P001854,Guy Rodgers,78003.0,https://cdn.nba.com/headshots/nba/latest/1040x760/78003.png,candidate,
P001855,Guy Rodgers*,78003.0,https://cdn.nba.com/headshots/nba/latest/1040x760/78003.png,candidate,
P000387,Bill Russell,78049.0,https://cdn.nba.com/headshots/nba/latest/1040x760/78049.png,candidate,
P000388,Bill Russell*,78049.0,https://cdn.nba.com/headshots/nba/latest/1040x760/78049.png,candidate,
P003811,Ralph Sampson,78055.0,https://cdn.nba.com/headshots/nba/latest/1040x760/78055.png,candidate,
P003812,Ralph Sampson*,78055.0,https://cdn.nba.com/headshots/nba/latest/1040x760/78055.png,candidate,
P001332,Dolph Schayes*,78076.0,https://cdn.nba.com/headshots/nba/latest/1040x760/78076.png,candidate,
P001331,Dolph Schayes,78076.0,https://cdn.nba.com/headshots/nba/latest/1040x760/78076.png,candidate,
P000759,Charlie Scott,78097.0,https://cdn.nba.com/headshots/nba/latest/1040x760/78097.png,candidate,
P000760,Charlie Scott*,78097.0,https://cdn.nba.com/headshots/nba/latest/1040x760/78097.png,candidate,
P000389,Bill Sharman,78126.0,https://cdn.nba.com/headshots/nba/latest/1040x760/78126.png,candidate,
P000390,Bill Sharman*,78126.0,https://cdn.nba.com/headshots/nba/latest/1040x760/78126.png,candidate,
P002044,Jack Sikma*,78149.0,https://cdn.nba.com/headshots/nba/latest/1040x760/78149.png,candidate,
P002043,Jack Sikma,78149.0,https://cdn.nba.com/headshots/nba/latest/1040x760/78149.png,candidate,
P002334,Jerry Sloan*,78173.0,https://cdn.nba.com/headshots/nba/latest/1040x760/78173.png,candidate,
P002333,Jerry Sloan,78173.0,https://cdn.nba.com/headshots/nba/latest/1040x760/78173.png,candidate,
P003448,Mitch Richmond*,782.0,https://cdn.nba.com/headshots/nba/latest/1040x760/782.png,candidate,
P003447,Mitch Richmond,782.0,https://cdn.nba.com/headshots/nba/latest/1040x760/782.png,candidate,
P001994,Isiah Thomas,78318.0,https://cdn.nba.com/headshots/nba/latest/1040x760/78318.png,candidate,
P001995,Isiah Thomas*,78318.0,https://cdn.nba.com/headshots/nba/latest/1040x760/78318.png,candidate,
P001153,David Thompson,78326.0,https://cdn.nba.com/headshots/nba/latest/1040x760/78326.png,candidate,
P001154,David Thompson*,78326.0,https://cdn.nba.com/headshots/nba/latest/1040x760/78326.png,candidate,
P002540,John Thompson*,78328.0,https://cdn.nba.com/headshots/nba/latest/1040x760/78328.png,candidate,
P002539,John Thompson,78328.0,https://cdn.nba.com/headshots/nba/latest/1040x760/78328.png,candidate,
P003991,Rod Thorn*,78335.0,https://cdn.nba.com/headshots/nba/latest/1040x760/78335.png,candidate,
P003990,Rod Thorn,78335.0,https://cdn.nba.com/headshots/nba/latest/1040x760/78335.png,candidate,
P004082,Rudy Tomjanovich*,78350.0,https://cdn.nba.com/headshots/nba/latest/1040x760/78350.png,candidate,
P004081,Rudy Tomjanovich,78350.0,https://cdn.nba.com/headshots/nba/latest/1040x760/78350.png,candidate,
P002048,Jack Twyman*,78388.0,https://cdn.nba.com/headshots/nba/latest/1040x760/78388.png,candidate,
P002047,Jack Twyman,78388.0,https://cdn.nba.com/headshots/nba/latest/1040x760/78388.png,candidate,
P004777,Wes Unseld*,78392.0,https://cdn.nba.com/headshots/nba/latest/1040x760/78392.png,candidate,
P004776,Wes Unseld,78392.0,https://cdn.nba.com/headshots/nba/latest/1040x760/78392.png,candidate,
P000777,Chet Walker,78435.0,https://cdn.nba.com/headshots/nba/latest/1040x760/78435.png,candidate,
P000778,Chet Walker*,78435.0,https://cdn.nba.com/headshots/nba/latest/1040x760/78435.png,candidate,
P000396,Bill Walton,78450.0,https://cdn.nba.com/headshots/nba/latest/1040x760/78450.png,candidate,
P000397,Bill Walton*,78450.0,https://cdn.nba.com/headshots/nba/latest/1040x760/78450.png,candidate,
P000510,Bobby Wanzer,78453.0,https://cdn.nba.com/headshots/nba/latest/1040x760/78453.png,candidate,
P000511,Bobby Wanzer*,78453.0,https://cdn.nba.com/headshots/nba/latest/1040x760/78453.png,candidate,
P002337,Jerry West,78497.0,https://cdn.nba.com/headshots/nba/latest/1040x760/78497.png,candidate,
P002338,Jerry West*,78497.0,https://cdn.nba.com/headshots/nba/latest/1040x760/78497.png,candidate,
P003710,Paul Westphal*,78500.0,https://cdn.nba.com/headshots/nba/latest/1040x760/78500.png,candidate,
P003709,Paul Westphal,78500.0,https://cdn.nba.com/headshots/nba/latest/1040x760/78500.png,candidate,
P003012,Lenny Wilkens,78530.0,https://cdn.nba.com/headshots/nba/latest/1040x760/78530.png,candidate,
P003013,Lenny Wilkens*,78530.0,https://cdn.nba.com/headshots/nba/latest/1040x760/78530.png,candidate,
P002108,Jamaal Wilkes,78532.0,https://cdn.nba.com/headshots/nba/latest/1040x760/78532.png,candidate,
P002109,Jamaal Wilkes*,78532.0,https://cdn.nba.com/headshots/nba/latest/1040x760/78532.png,candidate,
P001759,George Yardley,78628.0,https://cdn.nba.com/headshots/nba/latest/1040x760/78628.png,candidate,
P001760,George Yardley*,78628.0,https://cdn.nba.com/headshots/nba/latest/1040x760/78628.png,candidate,
P000735,Charles Barkley*,787.0,https://cdn.nba.com/headshots/nba/latest/1040x760/787.png,candidate,
P000734,Charles Barkley,787.0,https://cdn.nba.com/headshots/nba/latest/1040x760/787.png,candidate,
P001317,Dikembe Mutombo*,87.0,https://cdn.nba.com/headshots/nba/latest/1040x760/87.png,candidate,
P001316,Dikembe Mutombo,87.0,https://cdn.nba.com/headshots/nba/latest/1040x760/87.png,candidate,
P003348,Michael Jordan*,893.0,https://cdn.nba.com/headshots/nba/latest/1040x760/893.png,candidate,
P003347,Michael Jordan,893.0,https://cdn.nba.com/headshots/nba/latest/1040x760/893.png,candidate,
P004444,Tim Hardaway,896.0,https://cdn.nba.com/headshots/nba/latest/1040x760/896.png,candidate,
P004446,Tim Hardaway*,896.0,https://cdn.nba.com/headshots/nba/latest/1040x760/896.png,candidate,
P000821,Chris Mullin*,904.0,https://cdn.nba.com/headshots/nba/latest/1040x760/904.png,candidate,
P000820,Chris Mullin,904.0,https://cdn.nba.com/headshots/nba/latest/1040x760/904.png,candidate,
P004165,Scottie Pippen*,937.0,https://cdn.nba.com/headshots/nba/latest/1040x760/937.png,candidate,
P004164,Scottie Pippen,937.0,https://cdn.nba.com/headshots/nba/latest/1040x760/937.png,candidate,
P000129,Allen Iverson,947.0,https://cdn.nba.com/headshots/nba/latest/1040x760/947.png,candidate,
P000130,Allen Iverson*,947.0,https://cdn.nba.com/headshots/nba/latest/1040x760/947.png,candidate,
P003845,Ray Allen*,951.0,https://cdn.nba.com/headshots/nba/latest/1040x760/951.png,candidate,
P003844,Ray Allen,951.0,https://cdn.nba.com/headshots/nba/latest/1040x760/951.png,candidate,
P004331,Steve Nash*,959.0,https://cdn.nba.com/headshots/nba/latest/1040x760/959.png,candidate,
P004330,Steve Nash,959.0,https://cdn.nba.com/headshots/nba/latest/1040x760/959.png,candidate,
P002885,Kobe Bryant*,977.0,https://cdn.nba.com/headshots/nba/latest/1040x760/977.png,candidate,
P002884,Kobe Bryant,977.0,https://cdn.nba.com/headshots/nba/latest/1040x760/977.png,candidate,
