Player_ID,Player,Alternate_Headshot_URL
P000010,A.W. Holt,https://www.basketball-reference.com/req/0/images/players/holtaw01.jpg
P000038,Adama-Alpha Bal,https://www.basketball-reference.com/req/0/images/players/balad01.jpg
P000055,Al Attles,https://www.basketball-reference.com/req/0/images/players/attleal01.jpg
P000056,Al Attles*,https://www.basketball-reference.com/req/0/images/players/attleal01.jpg
P000281,Art Williams,https://www.basketball-reference.com/req/0/images/players/williar01.jpg
P000312,Barry Clemens,https://www.basketball-reference.com/req/0/images/players/clemeba01.jpg
P000358,Bevo Nordmann,https://www.basketball-reference.com/req/0/images/players/nordmbe01.jpg
P000374,Bill Gabor,https://www.basketball-reference.com/req/0/images/players/gaborbi01.jpg
P000378,Bill Hosket,https://www.basketball-reference.com/req/0/images/players/hoskebi01.jpg
P000391,Bill Smith,https://www.basketball-reference.com/req/0/images/players/smithbi01.jpg
P000405,Billy Kenville,https://www.basketball-reference.com/req/0/images/players/kenvibi01.jpg
P000407,Billy McGill,https://www.basketball-reference.com/req/0/images/players/mcgilbi01.jpg
P000411,Billy Ray Bates,https://www.basketball-reference.com/req/0/images/players/batesbi01.jpg
P000417,Bird Averitt,https://www.basketball-reference.com/req/0/images/players/averibi01.jpg
P000503,Bobby Jones,https://www.basketball-reference.com/req/0/images/players/jonesbo01.jpg
P000513,Bobby Watson,https://www.basketball-reference.com/req/0/images/players/watsobo01.jpg
P000520,Bones McKinney,https://www.basketball-reference.com/req/0/images/players/mckinbo01.jpg
P000524,Boo Ellis,https://www.basketball-reference.com/req/0/images/players/ellisbo01.jpg
P000560,Brandon Williams,https://www.basketball-reference.com/req/0/images/players/willibr01.jpg
P000619,Bubba Wilson,https://www.basketball-reference.com/req/0/images/players/wilsobu01.jpg
P000620,Bubbles Hawkins,https://www.basketball-reference.com/req/0/images/players/hawkibu01.jpg
P000623,Bucky Bockhorn,https://www.basketball-reference.com/req/0/images/players/bockhbu01.jpg
P000624,Bucky McConnell,https://www.basketball-reference.com/req/0/images/players/mcconbu01.jpg
P000625,Bud Acton,https://www.basketball-reference.com/req/0/images/players/actonbu01.jpg
P000627,Bud Ogden,https://www.basketball-reference.com/req/0/images/players/ogdenbu01.jpg
P000628,Bud Olsen,https://www.basketball-reference.com/req/0/images/players/olsenbu01.jpg
P000629,Bud Stallworth,https://www.basketball-reference.com/req/0/images/players/stallbu01.jpg
P000643,C.J. Kupec,https://www.basketball-reference.com/req/0/images/players/kupeccj01.jpg
P000676,Cameron Reynolds,https://www.basketball-reference.com/req/0/images/players/reynoca01.jpg
P000719,Cedric Henderson,https://www.basketball-reference.com/req/0/images/players/hendece01.jpg
P000740,Charles Davis,https://www.basketball-reference.com/req/0/images/players/davisch01.jpg
P000743,Charles Johnson,https://www.basketball-reference.com/req/0/images/players/johnsch01.jpg
P000744,Charles Jones,https://www.basketball-reference.com/req/0/images/players/jonesch01.jpg
P000747,Charles Pittman,https://www.basketball-reference.com/req/0/images/players/pittmch01.jpg
P000749,Charles Smith,https://www.basketball-reference.com/req/0/images/players/smithch01.jpg
P000757,Charlie Lowery,https://www.basketball-reference.com/req/0/images/players/lowerch01.jpg
P000772,Cheese Johnson,https://www.basketball-reference.com/req/0/images/players/johnsch01.jpg
P000779,Chico Vaughn,https://www.basketball-reference.com/req/0/images/players/vaughch01.jpg
P000809,Chris Johnson,https://www.basketball-reference.com/req/0/images/players/johnsch01.jpg
P000831,Chris Smith,https://www.basketball-reference.com/req/0/images/players/smithch01.jpg
P000839,Chris Wright,https://www.basketball-reference.com/req/0/images/players/wrighch01.jpg
P000846,Chubby Cox,https://www.basketball-reference.com/req/0/images/players/coxch01.jpg
P000857,Chuck Share,https://www.basketball-reference.com/req/0/images/players/sharech01.jpg
P000867,Clarence Weatherspoon,https://www.basketball-reference.com/req/0/images/players/weathcl01.jpg
P000887,Cliff Robinson,https://www.basketball-reference.com/req/0/images/players/robincl01.jpg
P000936,Corky Devlin,https://www.basketball-reference.com/req/0/images/players/devlico01.jpg
P000949,Cotton Nash,https://www.basketball-reference.com/req/0/images/players/nashco01.jpg
P000968,Cui Yongxi,https://www.basketball-reference.com/req/0/images/players/yongxcu01.jpg
P001019,Dan Anderson,https://www.basketball-reference.com/req/0/images/players/anderda01.jpg
P001054,Danny Schayes,https://www.basketball-reference.com/req/0/images/players/schayda01.jpg
P001103,Dave Britton,https://www.basketball-reference.com/req/0/images/players/brittda01.jpg
P001114,Dave Greenwood,https://www.basketball-reference.com/req/0/images/players/greenda01.jpg
P001191,Dee Brown,https://www.basketball-reference.com/req/0/images/players/brownde01.jpg
P001288,Dick Atha,https://www.basketball-reference.com/req/0/images/players/athadi01.jpg
P001297,Dick Garrett,https://www.basketball-reference.com/req/0/images/players/garredi01.jpg
P001315,Dike Eddleman,https://www.basketball-reference.com/req/0/images/players/eddledi01.jpg
P001340,Don Ackerman,https://www.basketball-reference.com/req/0/images/players/ackerdo01.jpg
P001425,Duck Williams,https://www.basketball-reference.com/req/0/images/players/willidu01.jpg
P001440,Dwight Davis,https://www.basketball-reference.com/req/0/images/players/davisdw01.jpg
P001471,Earnie Killum,https://www.basketball-reference.com/req/0/images/players/killuea01.jpg
P001492,Ed Sherod,https://www.basketball-reference.com/req/0/images/players/sheroed01.jpg
P001500,Eddie Johnson,https://www.basketball-reference.com/req/0/images/players/johnsed01.jpg
P001503,Eddie Lee Wilkins,https://www.basketball-reference.com/req/0/images/players/wilkied01.jpg
P001513,Edmund Lawrence,https://www.basketball-reference.com/req/0/images/players/lawreed01.jpg
P001518,Egor Dёmin,https://www.basketball-reference.com/req/0/images/players/dmineg01.jpg
P001541,Em Bryant,https://www.basketball-reference.com/req/0/images/players/bryanem01.jpg
P001594,Eugene Jeter,https://www.basketball-reference.com/req/0/images/players/jetereu01.jpg
P001606,Fat Lever,https://www.basketball-reference.com/req/0/images/players/leverfa01.jpg
P001607,Fatty Taylor,https://www.basketball-reference.com/req/0/images/players/taylofa01.jpg
P001639,Frankie Brian,https://www.basketball-reference.com/req/0/images/players/brianfr01.jpg
P001658,Fred Scolari,https://www.basketball-reference.com/req/0/images/players/scolafr01.jpg
P001662,Freddie Boyd,https://www.basketball-reference.com/req/0/images/players/boydfr01.jpg
P001679,Gar Heard,https://www.basketball-reference.com/req/0/images/players/heardga01.jpg
P001726,Geoff Crompton,https://www.basketball-reference.com/req/0/images/players/crompge01.jpg
P001730,George Bon Salle,https://www.basketball-reference.com/req/0/images/players/sallege01.jpg
P001738,George Johnson,https://www.basketball-reference.com/req/0/images/players/johnsge01.jpg
P001742,George King,https://www.basketball-reference.com/req/0/images/players/kingge01.jpg
P001770,Gerald Henderson,https://www.basketball-reference.com/req/0/images/players/hendege01.jpg
P001796,Goo Kennedy,https://www.basketball-reference.com/req/0/images/players/kennego01.jpg
P001837,Greg Smith,https://www.basketball-reference.com/req/0/images/players/smithgr01.jpg
P001859,Ha Seung-Jin,https://www.basketball-reference.com/req/0/images/players/seungha01.jpg
P001895,Hawkeye Whitney,https://www.basketball-reference.com/req/0/images/players/whitnha01.jpg
P001925,Hot Rod Hundley,https://www.basketball-reference.com/req/0/images/players/hundlho01.jpg
P001945,Hutch Jones,https://www.basketball-reference.com/req/0/images/players/joneshu01.jpg
P001949,Ibo Kutluay,https://www.basketball-reference.com/req/0/images/players/kutluib01.jpg
P001964,Isaac Austin,https://www.basketball-reference.com/req/0/images/players/austiis01.jpg
P001966,Isaac Fontaine,https://www.basketball-reference.com/req/0/images/players/fontais01.jpg
P001970,Isaac Walthour,https://www.basketball-reference.com/req/0/images/players/walthis01.jpg
P002002,J.J. Anderson,https://www.basketball-reference.com/req/0/images/players/anderjj01.jpg
P002046,Jack Turner,https://www.basketball-reference.com/req/0/images/players/turneja01.jpg
P002141,James Ray,https://www.basketball-reference.com/req/0/images/players/rayja01.jpg
P002385,Jim Paxson,https://www.basketball-reference.com/req/0/images/players/paxsoji01.jpg
P002413,Jo Jo English,https://www.basketball-reference.com/req/0/images/players/englijo01.jpg
P002414,Jo Jo White,https://www.basketball-reference.com/req/0/images/players/whitejo01.jpg
P002415,Jo Jo White*,https://www.basketball-reference.com/req/0/images/players/whitejo01.jpg
P002441,Joe Hassett,https://www.basketball-reference.com/req/0/images/players/hassejo01.jpg
P002549,John Warren,https://www.basketball-reference.com/req/0/images/players/warrejo01.jpg
P002557,Johnny Austin,https://www.basketball-reference.com/req/0/images/players/austijo01.jpg
P002560,Johnny Davis,https://www.basketball-reference.com/req/0/images/players/davisjo01.jpg
P002770,Ken Johnson,https://www.basketball-reference.com/req/0/images/players/johnske01.jpg
P002799,Kenny Sears,https://www.basketball-reference.com/req/0/images/players/searske01.jpg
P002808,Kenton Edelin,https://www.basketball-reference.com/req/0/images/players/edelike01.jpg
P002880,Kiwane Lemorris Garris,https://www.basketball-reference.com/req/0/images/players/garriki01.jpg
P002882,Kleggie Hermsen,https://www.basketball-reference.com/req/0/images/players/hermskl01.jpg
P002964,Larry Johnson,https://www.basketball-reference.com/req/0/images/players/johnsla01.jpg
P003051,Logan Vander Velden,https://www.basketball-reference.com/req/0/images/players/veldelo01.jpg
P003070,Louie Dampier,https://www.basketball-reference.com/req/0/images/players/dampilo01.jpg
P003071,Louie Dampier*,https://www.basketball-reference.com/req/0/images/players/dampilo01.jpg
P003106,Luther Rackley,https://www.basketball-reference.com/req/0/images/players/rackllu01.jpg
P003148,Manny Leaks,https://www.basketball-reference.com/req/0/images/players/leaksma01.jpg
P003179,Marcus Williams,https://www.basketball-reference.com/req/0/images/players/willima01.jpg
P003196,Mark Davis,https://www.basketball-reference.com/req/0/images/players/davisma01.jpg
P003200,Mark Jones,https://www.basketball-reference.com/req/0/images/players/jonesma01.jpg
P003277,Matthew Hurt,https://www.basketball-reference.com/req/0/images/players/hurtma01.jpg
P003285,Maurice King,https://www.basketball-reference.com/req/0/images/players/kingma01.jpg
P003287,Maurice Martin,https://www.basketball-reference.com/req/0/images/players/martima01.jpg
P003299,McCoy Ingram,https://www.basketball-reference.com/req/0/images/players/ingramc01.jpg
P003303,Med Park,https://www.basketball-reference.com/req/0/images/players/parkme01.jpg
P003320,Melvin Turpin,https://www.basketball-reference.com/req/0/images/players/turpime01.jpg
P003352,Michael Phelps,https://www.basketball-reference.com/req/0/images/players/phelpmi01.jpg
P003354,Michael Ray Richardson,https://www.basketball-reference.com/req/0/images/players/richami01.jpg
P003357,Michael Smith,https://www.basketball-reference.com/req/0/images/players/smithmi01.jpg
P003360,Michael Wilson,https://www.basketball-reference.com/req/0/images/players/wilsomi01.jpg
P003366,Mickey Davis,https://www.basketball-reference.com/req/0/images/players/davismi01.jpg
P003381,Mike Dunleavy,https://www.basketball-reference.com/req/0/images/players/dunlemi01.jpg
P003395,Mike James,https://www.basketball-reference.com/req/0/images/players/jamesmi01.jpg
P003396,Mike Kearns,https://www.basketball-reference.com/req/0/images/players/kearnmi01.jpg
P003420,Mike Sweetney,https://www.basketball-reference.com/req/0/images/players/sweetmi01.jpg
P003444,Mitch Creek,https://www.basketball-reference.com/req/0/images/players/creekmi01.jpg
P003455,Mo Layton,https://www.basketball-reference.com/req/0/images/players/laytomo01.jpg
P003456,Mo Mahoney,https://www.basketball-reference.com/req/0/images/players/mahonmo01.jpg
P003458,Moe Barr,https://www.basketball-reference.com/req/0/images/players/barrmo01.jpg
P003461,Monk Meineke,https://www.basketball-reference.com/req/0/images/players/meinemo01.jpg
P003517,Nate Williams,https://www.basketball-reference.com/req/0/images/players/willina01.jpg
P003521,Nathan Mensah,https://www.basketball-reference.com/req/0/images/players/mensana01.jpg
P003582,Norm Richardson,https://www.basketball-reference.com/req/0/images/players/richano01.jpg
P003670,Patrick Ewing,https://www.basketball-reference.com/req/0/images/players/ewingpa01.jpg
P003715,Pearl Washington,https://www.basketball-reference.com/req/0/images/players/washipe01.jpg
P003718,Pep Saul,https://www.basketball-reference.com/req/0/images/players/saulpe01.jpg
P003729,Pete Darcey,https://www.basketball-reference.com/req/0/images/players/darcepe01.jpg
P003734,Pete Verhoeven,https://www.basketball-reference.com/req/0/images/players/verhope01.jpg
P003760,Pickles Kennedy,https://www.basketball-reference.com/req/0/images/players/kennepi01.jpg
P003773,Pétur Guðmundsson,https://www.basketball-reference.com/req/0/images/players/gudmupe01.jpg
P003806,Ralph Johnson,https://www.basketball-reference.com/req/0/images/players/johnsra01.jpg
P003808,Ralph O'Brien,https://www.basketball-reference.com/req/0/images/players/obriera01.jpg
P003866,Red Davis,https://www.basketball-reference.com/req/0/images/players/davisre01.jpg
P003869,Red Kerr,https://www.basketball-reference.com/req/0/images/players/kerrre01.jpg
P003870,Red Morrison,https://www.basketball-reference.com/req/0/images/players/morrire01.jpg
P003871,Red Owens,https://www.basketball-reference.com/req/0/images/players/owensre01.jpg
P003894,Reggie Williams,https://www.basketball-reference.com/req/0/images/players/willire01.jpg
P003900,Rich Eichhorst,https://www.basketball-reference.com/req/0/images/players/eichhri01.jpg
P003906,Rich Manning,https://www.basketball-reference.com/req/0/images/players/manniri01.jpg
P003948,Ricky Marsh,https://www.basketball-reference.com/req/0/images/players/marshri01.jpg
P003958,Rob Lock,https://www.basketball-reference.com/req/0/images/players/lockro01.jpg
P003959,Rob Rose,https://www.basketball-reference.com/req/0/images/players/rosero01.jpg
P004029,Ron Grandison,https://www.basketball-reference.com/req/0/images/players/grandro01.jpg
P004032,Ron Holland,https://www.basketball-reference.com/req/0/images/players/hollaro01.jpg
P004047,Ronald Murray,https://www.basketball-reference.com/req/0/images/players/murraro01.jpg
P004054,Ronnie Valentine,https://www.basketball-reference.com/req/0/images/players/valenro01.jpg
P004061,Roy Hamilton,https://www.basketball-reference.com/req/0/images/players/hamilro01.jpg
P004086,Russ Lee,https://www.basketball-reference.com/req/0/images/players/leeru01.jpg
P004127,Sam Smith,https://www.basketball-reference.com/req/0/images/players/smithsa01.jpg
P004252,Skippy Whitaker,https://www.basketball-reference.com/req/0/images/players/whitask01.jpg
P004258,Slick Leonard,https://www.basketball-reference.com/req/0/images/players/leonasl01.jpg
P004259,Slick Leonard*,https://www.basketball-reference.com/req/0/images/players/leonasl01.jpg
P004266,Sonny Dove,https://www.basketball-reference.com/req/0/images/players/doveso01.jpg
P004287,Stanislav Medvedenko,https://www.basketball-reference.com/req/0/images/players/medvest01.jpg
P004306,Steve Bardo,https://www.basketball-reference.com/req/0/images/players/bardost01.jpg
P004336,Steve Smith,https://www.basketball-reference.com/req/0/images/players/smithst01.jpg
P004349,Sun Yue,https://www.basketball-reference.com/req/0/images/players/yuesu01.jpg
P004352,Swede Halbrook,https://www.basketball-reference.com/req/0/images/players/halbrsw01.jpg
P004365,Tal Skinner,https://www.basketball-reference.com/req/0/images/players/skinnta01.jpg
P004384,Ted McClain,https://www.basketball-reference.com/req/0/images/players/mcclate01.jpg
P004435,Tibor Pleiß,https://www.basketball-reference.com/req/0/images/players/pleisti01.jpg
P004436,Ticky Burden,https://www.basketball-reference.com/req/0/images/players/burdeti01.jpg
P004459,Tiny Archibald,https://www.basketball-reference.com/req/0/images/players/architi01.jpg
P004460,Tiny Archibald*,https://www.basketball-reference.com/req/0/images/players/architi01.jpg
P004505,Tom Patterson,https://www.basketball-reference.com/req/0/images/players/patteto01.jpg
P004509,Tom Sanders,https://www.basketball-reference.com/req/0/images/players/sandeto01.jpg
P004510,Tom Sanders*,https://www.basketball-reference.com/req/0/images/players/sandeto01.jpg
P004519,Tommie Green,https://www.basketball-reference.com/req/0/images/players/greento01.jpg
P004521,Tommy Kron,https://www.basketball-reference.com/req/0/images/players/kronto01.jpg
P004541,Tony Mitchell,https://www.basketball-reference.com/req/0/images/players/mitchto01.jpg
P004581,Tre Scott,https://www.basketball-reference.com/req/0/images/players/scotttr01.jpg
P004693,Vince Edwards,https://www.basketball-reference.com/req/0/images/players/edwarvi01.jpg
P004694,Vince Hunter,https://www.basketball-reference.com/req/0/images/players/huntevi01.jpg
P004715,Vítor Luiz Faverani,https://www.basketball-reference.com/req/0/images/players/favervi01.jpg
P004717,Wah Wah Jones,https://www.basketball-reference.com/req/0/images/players/joneswa01.jpg
P004720,Walker Russell,https://www.basketball-reference.com/req/0/images/players/russewa01.jpg
P004729,Walt Budko,https://www.basketball-reference.com/req/0/images/players/budkowa01.jpg
P004750,Wang Zhizhi,https://www.basketball-reference.com/req/0/images/players/zhizhwa01.jpg
P004759,Wayne Engelstad,https://www.basketball-reference.com/req/0/images/players/engelwa01.jpg
P004782,Whitey Bell,https://www.basketball-reference.com/req/0/images/players/bellwh01.jpg
P004783,Whitey Martin,https://www.basketball-reference.com/req/0/images/players/martiwh01.jpg
P004831,World B. Free,https://www.basketball-reference.com/req/0/images/players/freewo01.jpg
P004873,Zeke Zawoluk,https://www.basketball-reference.com/req/0/images/players/zawolze01.jpg
P004889,Ömer Aşık,https://www.basketball-reference.com/req/0/images/players/askom01.jpg
